,number,species,lon,lat
1,CAS203553,Agkistrodon contortrix,-90.49508231,38.96836261
2,CAS203555,Agkistrodon contortrix,-90.91443611,37.92668333
3,CAS203566,Agkistrodon contortrix,-91.52694444,35.39361111
4,CAS203564,Agkistrodon contortrix,-90.46245,37.12165556
5,CAS203548,Agkistrodon contortrix,-89.7626,37.872
6,CAS169500,Diadophis punctatus,-123.0867536,44.05206911
7,CAS210370,Diadophis punctatus,-105.2248667,35.5537
8,CAS215252,Diadophis punctatus arnyi,-90.56397778,38.52127222
9,CAS223579,Diadophis punctatus,-118.6605,35.90033333
10,CAS211736,Diadophis punctatus,-122.41718,37.58028
11,CAS222424,Diadophis punctatus,-91.17277778,30.36785278
12,CAS241825,Diadophis punctatus vandenburghii,-121.0734167,35.59663889
13,CAS223614,Masticophis flagellum,-116.1584318,33.1532475
14,CAS229232,Masticophis flagellum,-104.2191667,35.34466667
15,CAS162020,Storeria dekayi,-79.53386,33.14123
16,CAS199805,Storeria dekayi,-82.80616589,41.54882969
17,CAS210409,Storeria dekayi,-79.24691667,41.18311667
18,CAS214286,Thamnophis sirtalis,-121.9174,38.27707778
19,CAS236596,Thamnophis sirtalis,-123.1096667,38.68222222
20,CAS245560,Thamnophis sirtalis,-119.8081667,38.485
21,CAS206416,Thamnophis sirtalis fitchi,-120.4750833,39.18641667
22,CAS208521,Thamnophis sirtalis infernalis,-120.2538167,35.20633333
23,CAS209170,Thamnophis sirtalis fitchi,-122.9439444,39.25691667
24,CAS236292,Thamnophis sirtalis,-119.6916667,37.43588889
25,CAS214291,Thamnophis sirtalis,-89.2845,41.8952
26,CAS208629,Thamnophis sirtalis fitchi,-121.9166667,44.16666667
27,CAS165401,Thamnophis sirtalis,-88.54261781,44.02468489
28,CAS180778,Thamnophis sirtalis,-92.17480556,45.60697778
29,CAS250608,Lampropeltis getulus californiae,-123.3393333,38.95975
30,CAS263140,Lampropeltis getulus californiae,-120.8079083,38.36080278
39,KU337018,Agkistrodon contortrix,-96.60919,39.10677
40,KU348892,Lampropeltis calligaster,-98.706637,38.449003
41,KU332065,Lampropeltis calligaster,-94.8081,38.93774
42,KU289534,Lampropeltis calligaster,-95.1597324,32.243929
44,KU337069,Masticophis flagellum,-98.50497,38.91654
46,KU289566,Lampropeltis getula,-92.02992,32.55354
47,KU290660,Lampropeltis triangulum,-97.9922222,38.6772222
49,LACM189964,Masticophis flagellum,-117.22096,36.07936
50,LACM130800,Masticophis flagellum,-118.0302603,33.9775314
51,LACM131165,Masticophis flagellum,-110.2166667,23.6
53,LACM187031,Lampropeltis californiae,-115.88835,35.77306
54,LACM187392,Lampropeltis getula,-118.210861,37.228609
56,LSU84599,Agkistrodon contortrix,-93.0380556,31.5116667
57,LSU99213,Pantherophis slowinskii,-93.2097528,30.6562667
58,LSU99090,Lampropeltis triangulum amaura,-91.6802778,30.4219444
63,MSB78152,Thamnophis sirtalis,-106.90345,33.76575
67,MVZ175969,Lampropeltis calligaster,-78.62466,35.7872
68,MVZ161425,Masticophis flagellum,-114.03,28.51583333
69,MVZ230715,Masticophis flagellum,-120.31,36.10166667
71,MVZ275500,Masticophis flagellum,-101.96799,22.00816
72,MVZ164973,Thamnophis sirtalis,-121.5568207,36.37851365
74,MVZ241628,Thamnophis sirtalis,-111.88172,41.78933
75,MVZ228781,Thamnophis sirtalis,-121.5269,45.9975
78,MVZ175927,Lampropeltis getula,-78.76421,35.72642
80,MVZ137799,Lampropeltis getula,-82.2377,32.7824
83,MVZ249826,Lampropeltis triangulum,-114.3169713,40.3221725
84,MVZ235922,Lampropeltis triangulum,-110.5278333,39.5338333
85,MVZ269538,Lampropeltis triangulum,-92.50883,17.51693
86,OMNH15347,Agkistrodon contortrix,-96.18525,36.74242
87,OMNH2705,Agkistrodon contortrix,-98.70691,34.71767
88,OMNH4921,Agkistrodon contortrix,-95.99315,34.52619
89,OMNH2781,Agkistrodon contortrix,-93.95329,34.37701
90,OMNH7180,Agkistrodon contortrix,-97.3277,35.1787
91,OMNH6140,Pantherophis emoryi,-94.82885,35.638
92,OMNH6555,Pantherophis emoryi,-95.8839722,34.3167222
93,OMNH9224,Pantherophis emoryi,-99.84569,35.0155
94,OMNH8361,Pantherophis emoryi,-93.82875,34.4087
95,OMNH12693,Diadophis punctatus,-94.84618,35.67978
96,OMNH4991,Diadophis punctatus,-95.119,34.5588
97,OMNH6981,Diadophis punctatus,-94.499688,34.603813
98,OMNH6993,Diadophis punctatus,-91.456429,35.175378
99,OMNH2662,Lampropeltis calligaster,-99.68023,35.87393
100,OMNH7184,Lampropeltis calligaster,-96.1845,36.8192
101,OMNH8343,Lampropeltis calligaster,-94.05626,34.53947
102,OMNH15269,Lampropeltis calligaster,-95.62146,36.67002
103,OMNH6114,Lampropeltis calligaster,-94.8055,35.63474
104,OMNH8342,Lampropeltis calligaster,-97.265,35.09555
105,OMNH6772,Masticophis flagellum,-95.1966667,35.6737222
106,OMNH16150,Masticophis flagellum,-98.53599,34.65247
107,OMNH12747,Storeria dekayi,-96.81023,33.89543
108,OMNH2693,Storeria dekayi,-94.52158,34.69291
109,OMNH12346,Storeria dekayi,-97.449726,35.17868
110,OMNH15372,Storeria dekayi,-95.04552,36.37162
111,OMNH5133,Storeria dekayi,-95.94116,34.54244
112,OMNH12626,Thamnophis sirtalis,-97.42655,35.24413
113,OMNH14014,Thamnophis sirtalis,-98.42445,42.83002
114,OMNH13872,Thamnophis sirtalis,-96.18348,36.7292
115,OMNH5149,Thamnophis sirtalis,-95.90736,34.45728
116,OMNH7030,Thamnophis sirtalis,-108.003136,45.996525
117,OMNH12624,Lampropeltis getula,-97.218056,35.220833
118,OMNH5006,Lampropeltis getula,-95.98857,34.46144
119,OMNH6115,Lampropeltis getula,-94.82665,35.63826
120,OMNH6645,Lampropeltis getula,-99.68006,35.87746
121,OMNH5011,Lampropeltis getula,-94.26482,34.58804
122,OMNH7014,Lampropeltis triangulum,-108.916511,45.186858
123,OMNH6120,Lampropeltis triangulum,-94.82942,35.70019
124,OMNH9211,Lampropeltis triangulum,-95.90197,34.3265
138,FLMNH154548,Agkistrodon contortrix,-88.950277,31.216944
139,FLMNH154549,Agkistrodon contortrix,-90.9766,31.746944
140,FLMNH153503,Agkistrodon contortrix,-90.303055,31.081388
141,FLMNH153506,Pantherophis guttatus,-90.89277,31.886388
142,FLMNH151609,Pantherophis guttatus,-104.399627,33.392876
145,FLMNH169607,Lampropeltis getula,-82.68588,27.71536
146,FLMNH173933,Lampropeltis getula,-84.568674,30.383751
147,FLMNH151612,Lampropeltis splendida,-104.636871,33.424237
148,FLMNH154553,Lampropeltis getula,-83.7977,31.67944
149,FLMNH173210,Lampropeltis getula,-83.374,29.524469
150,FLMNH141134,Lampropeltis elapsoides,-82.4726,27.6013
151,UTEP19903,Agkistrodon contortrix,-93.80243,30.66895
152,UTEP13819,Agkistrodon contortrix,-102.24832,30.059
153,UTEP20932,Agkistrodon contortrix,-91.4828,35.2565
154,UTEP20976,Agkistrodon contortrix,-94.86622,33.33342
155,UTEP18795,Pantherophis guttatus,-91.28795,31.41315
156,UTEP21097,Pantherophis emoryi,-91.96226667,35.71741667
157,UTEP21151,Pantherophis emoryi,-97.43293333,31.87935
158,UTEP21153,Pantherophis emoryi,-98.24601667,26.46783333
159,UTEP1257,Pantherophis emoryi,-91.85748333,35.52518333
160,UTEP20785,Pantherophis emoryi,-103.7737667,30.95133333
161,UTEP21565,Pantherophis emoryi,-100.63402,30.85507
162,UTEP21741,Pantherophis emoryi,-100.15658,29.0176
163,UTEP18776,Pantherophis emoryi,-97.20898333,28.10975
164,UTEP17486,Pantherophis emoryi,-106.1763889,31.45972222
165,UTEP19805,Pantherophis emoryi ?,-96.88388333,30.21901667
166,UTEP20978,Pantherophis emoryi,-91.85748333,35.52518333
168,UTEP19765,Diadophis punctatus,-100.3688833,30.0869
169,UTEP21746,Diadophis punctatus,-100.42365,35.51077
170,UTEP20953,Lampropeltis calligaster,-93.0156,32.19243333
171,UTEP21908,Masticophis flagellum,-100.0674,35.44463333
172,UTEP21672,Storeria dekayi,-99.96245,35.61511667
173,UTEP20919,Lampropeltis getula,-101.1449167,30.99861667
174,UTEP20032,Lampropeltis gentilis,-94.11205,30.22127
177,YPM14083,Lampropeltis calligaster rhombomaculata,-77.8233,38.1154
178,YPM16611,Storeria dekayi wrightorum,-86.870383,33.0373
179,YPM12091,Thamnophis sirtalis,-106.25,36.12
180,UTEP20029,Masticophis flagellum,-100.01215,29.4361
181,UTEP21149,Masticophis flagellum,-100.8507833,30.87653333
182,UTEP21109,Masticophis flagellum,-98.59535,26.27126667
184,UTEP21747,Diadophis punctatus,-105.92,31.988
185,UTEP20685,Diadophis punctatus,-105.01645,30.77751667
187,KU307830,Diadophis punctatus,-94.78461,38.1711
189,KU307813,Diadophis punctatus,-95.148847,38.926654
190,KU290689,Diadophis punctatus,-95.4181,38.9202
191,KU307856,Diadophis punctatus,-95.41677,39.21305
192,KU348887,Diadophis punctatus,-96.6085,39.1015
193,KU337042,Diadophis punctatus,-98.51792,38.91624
194,OMNH6523,Pantherophis emoryi,-95.9053056,34.3298056
195,OMNH6142,Pantherophis emoryi,-94.83189,35.66508
196,KU332320,Thamnophis sirtalis,-94.97,37.94265
197,KU307862,Diadophis punctatus,-95.43111,38.92203
198,KU332044,Diadophis punctatus,-95.3329,37.55458
199,FHSM9104,Agkistrodon contortrix/laticinctus,-95.04337,39.86263
200,FHSM10457,Agkistrodon contortrix/laticinctus,-94.815,37.80868
201,FHSM11866,Agkistrodon contortrix,-78.45667,33.92667
202,FHSM13814,Agkistrodon contortrix/laticinctus,-96.52058,38.25446
203,FHSM15302,Agkistrodon contortrix/laticinctus,-96.806237,39.633254
204,FHSM17550,Agkistrodon laticinctus,-102.320708,31.32457
205,FHSM9938,Pantherophis guttatus,-85.89111,37.27222
206,FHSM10805,Pantherophis emoryi,-95.35951,37.05205
207,FHSM11399,Pantherophis emoryi,-102.01199,37.52364
208,FHSM12883,Pantherophis emoryi,-99.30293,37.61023
209,FHSM15946,Pantherophis emoryi,-95.228333,39.041333
210,FHSM16465,Pantherophis emoryi,-108.2453,38.77317
211,FHSM16936,Pantherophis emoryi,-99.73744,39.61078
212,FHSM9403,Diadophis punctatus,-94.73034,38.42532
213,FHSM9761,Diadophis punctatus,-98.1511,39.0794
214,FHSM9824,Diadophis punctatus,-93.21667,39.76667
215,FHSM9831,Diadophis punctatus,-79.25633333,41.74066833
216,FHSM12593,Diadophis punctatus,-110.8831,31.689
217,FHSM13072,Diadophis punctatus,-88.03273,36.84873
218,FHSM13626,Diadophis punctatus,-100.6224,37.00726
219,FHSM15589,Diadophis punctatus,-96.313511,35.275444
220,FHSM15598,Diadophis punctatus,-98.07371,41.01874
221,FHSM16933,Diadophis punctatus,-99.73744,39.61078
222,FHSM9845,Lampropeltis calligaster,-85.69306,37.14222
223,FHSM9847,Lampropeltis calligaster,-93.21667,39.76667
224,FHSM11675,Lampropeltis calligaster,-76.96913,34.76732
225,FHSM13017,Lampropeltis calligaster,-98.83687,37.01022
226,FHSM13208,Lampropeltis calligaster,-88.48301,36.63722
227,FHSM14387,Lampropeltis calligaster,-96.47646,38.32086
228,FHSM14986,Lampropeltis calligaster,-99.30785,38.40774
229,FHSM16254,Lampropeltis calligaster,-93.015762,35.057605
230,FHSM16385,Lampropeltis calligaster,-95.0447,37.781022
231,FHSM16922,Lampropeltis calligaster,-95.4817,38.8617
232,FHSM9980,Storeria dekayi,-93.21667,39.76667
233,FHSM12731,Storeria dekayi,-99.0936,37.08907
234,FHSM12780,Storeria dekayi,-88.86882,36.72943
235,FHSM16847,Storeria dekayi,-97.894477,38.053252
236,FHSM16947,Storeria dekayi,-98.532167,39.991183
237,FHSM7940,Thamnophis sirtalis,-97.2726,38.93
238,FHSM8335,Thamnophis sirtalis,-95.37112,39.84746
239,FHSM9560,Thamnophis sirtalis,-95.19449,37.17171
240,FHSM9578,Thamnophis sirtalis,-99.17329,37.38347
241,FHSM16525,Thamnophis sirtalis,-103.30855,42.42738
242,FHSM17467,Thamnophis sirtalis,-100.91076,40.17602
243,FHSM7738,Lampropeltis holbrooki,-97.8738,38.7488
244,FHSM8095,Lampropeltis holbrooki,-100.9725,38.8543
245,FHSM9855,Lampropeltis holbrooki,-93.18139,36.29194
246,FHSM9864,Lampropeltis nigra,-85.77472,37.14028
247,FHSM11300,Lampropeltis holbrooki,-99.29013,37.28022
248,FHSM11506,Lampropeltis holbrooki,-93.6931,38.0442
249,FHSM12472,Lampropeltis holbrooki,-95.5707,39.24966
250,FHSM13092,Lampropeltis nigra,-88.02024,36.8489
251,FHSM13623,Lampropeltis getula,-103.2375,30.1648
252,FHSM13916,Lampropeltis californiae,-109.03442,37.32573
253,FHSM13917,Lampropeltis holbrooki,-99.0734,34.24914
254,FHSM15266,Lampropeltis holbrooki,-96.038053,35.334242
255,FHSM15645,Lampropeltis holbrooki,-95.768174,29.793491
256,FHSM15709,Lampropeltis holbrooki,-96.26984,37.08374
257,FHSM8504,Lampropeltis gentilis/triangulum,-101.34228,38.77364
258,FHSM9106,Lampropeltis gentilis/triangulum,-103.37629,43.64069
259,FHSM9682,Lampropeltis gentilis/triangulum,-99.27821,39.37635
260,FHSM9875,Lampropeltis triangulum,-80.47444,41.94583
261,FHSM9877,Lampropeltis triangulum,-83.663471,37.835705
262,FHSM10987,Lampropeltis gentilis/triangulum,-94.98799,38.01006
263,FHSM11518,Lampropeltis gentilis/triangulum,-100.77979,37.13217
264,FHSM12850,Lampropeltis gentilis/triangulum,-96.08822,39.31814
265,FHSM12878,Lampropeltis gentilis/triangulum,-99.16041,37.42882
266,DBS2776,Agkistrodon contortrix,-89.0244,30.93559
267,DBS2432,Diadophis punctatus,-83.13433,35.01798
268,DBS2706,Lampropeltis holbrooki,-94.27754,34.65125
269,DBS2766,Lampropeltis holbrooki,-91.82035,33.74041
270,DBS2868,Lampropeltis holbrooki,-92.35149,32.54999
1100,AMCC267452,Agkistrodon contortrix,-81.11814,32.37906
2100,AMCC267447,Agkistrodon contortrix,-82.34031,34.10622
3100,AMCC267453,Agkistrodon contortrix,-81.39377,32.5542
4100,AMCC267454,Agkistrodon contortrix,-81.49475,32.14022
5100,AMCC267455,Agkistrodon contortrix,-81.49404,32.14259
698,AMCC267531,Agkistrodon contortrix,-83.29212,32.08615
710,AMCC267536,Agkistrodon contortrix,-83.80806,31.70131
810,AMCC267456,Agkistrodon contortrix,-85.41798,32.42209
910,AMCC267459,Agkistrodon contortrix,-89.56625,32.41824
1010,AMCC267462,Agkistrodon contortrix,-74.18727,41.73719
1110,AMCC267445,Agkistrodon contortrix,-77.01203,34.90561
1210,AMCC267446,Agkistrodon contortrix,-82.23947,34.10622
1310,AMCC267448,Agkistrodon contortrix,-88.0255,31.00186
1410,AMCC267449,Agkistrodon contortrix,-81.63572,34.66786
1510,AMCC267450,Agkistrodon contortrix,-85.41158,32.40397
1610,AMCC267457,Agkistrodon contortrix,-87.31129,32.9192
1710,AMCC267458,Agkistrodon contortrix,-89.30668,34.55498
1810,AMCC267460,Agkistrodon contortrix,-85.79623,33.47527
1910,AMCC267461,Agkistrodon contortrix,-81.69348,34.65662
2010,AMCC267463,Agkistrodon contortrix,-84.477169,31.221356
2110,AMCC267464,Agkistrodon contortrix,-84.477169,31.221356
2210,AMCC267465,Agkistrodon contortrix,-84.477169,31.221356
2410,AMCC267466,Agkistrodon contortrix,-84.477169,31.221356
2510,AMCC267467,Agkistrodon contortrix,-84.477169,31.221356
2610,AMCC267468,Agkistrodon contortrix,-84.477169,31.221356
2810,AMCC267469,Agkistrodon contortrix,-84.477169,31.221356
2910,AMCC267470,Agkistrodon contortrix,-84.477169,31.221356
3010,AMCC267471,Agkistrodon contortrix,-84.477169,31.221356
31,AMCC267472,Agkistrodon contortrix,-84.477169,31.221356
32,AMCC267473,Agkistrodon contortrix,-84.477169,31.221356
33,AMCC267474,Agkistrodon contortrix,-84.477169,31.221356
34,AMCC267475,Agkistrodon contortrix,-84.477169,31.221356
35,AMCC267476,Agkistrodon contortrix,-84.477169,31.221356
36,AMCC267477,Agkistrodon contortrix,-84.477169,31.221356
37,AMCC267478,Agkistrodon contortrix,-84.477169,31.221356
38,AMCC267479,Agkistrodon contortrix,-84.477169,31.221356
3910,AMCC267480,Agkistrodon contortrix,-84.477169,31.221356
4010,AMCC267481,Agkistrodon contortrix,-84.477169,31.221356
4110,AMCC267482,Agkistrodon contortrix,-84.477169,31.221356
43,AMCC267483,Agkistrodon contortrix,-84.477169,31.221356
4410,AMCC267484,Agkistrodon contortrix,-84.477169,31.221356
45,AMCC267485,Agkistrodon contortrix,-84.477169,31.221356
4610,AMCC267486,Agkistrodon contortrix,-84.477169,31.221356
4710,AMCC267487,Agkistrodon contortrix,-84.477169,31.221356
48,AMCC267488,Agkistrodon contortrix,-83.4167,34.55
4910,AMCC267489,Agkistrodon contortrix,-83.22794,33.65102
5010,AMCC267490,Agkistrodon contortrix,-78.29186,37.17111
5110,AMCC267491,Agkistrodon contortrix,-85.709687,33.801737
52,AMCC267492,Agkistrodon contortrix,-85.572032,33.848565
5310,AMCC267493,Agkistrodon contortrix,-85.774323,33.396181
5410,AMCC267497,Agkistrodon contortrix,-88.62051,37.46925
55,AMCC267498,Agkistrodon contortrix,-83.82083,37.86079
5610,AMCC267499,Agkistrodon contortrix,-83.703799,37.796881
5710,AMCC267500,Agkistrodon contortrix,-83.703799,37.796881
5810,AMCC267501,Agkistrodon contortrix,-83.703799,37.796881
59,AMCC267502,Agkistrodon contortrix,-84.855573,39.209519
60,AMCC267503,Agkistrodon contortrix,-84.898948,30.505896
61,AMCC267504,Agkistrodon contortrix,-84.898948,30.505896
62,AMCC267505,Agkistrodon contortrix,-84.898948,30.505896
6310,AMCC267506,Agkistrodon contortrix,-81.072675,32.280276
64,AMCC267507,Agkistrodon contortrix,-81.072675,32.280276
65,AMCC267508,Agkistrodon contortrix,-87.908402,36.81765
66,AMCC267509,Agkistrodon contortrix,-87.908402,36.81765
6710,AMCC267510,Agkistrodon contortrix,-86.96673,34.65011
6810,AMCC267511,Agkistrodon contortrix,-89.31689,34.56675
699,AMCC267512,Agkistrodon contortrix,-84.96384,30.90462
70,AMCC267513,Agkistrodon contortrix,-77.01516,34.74878
711,AMCC267514,Agkistrodon contortrix,-95.08112,31.31071
721,AMCC267515,Agkistrodon contortrix,-94.97042,31.20593
73,AMCC267516,Agkistrodon contortrix,-95.1551,31.38735
741,AMCC267517,Agkistrodon contortrix,-96.00771,31.63945
751,AMCC267518,Agkistrodon contortrix,-95.99331,31.63339
76,AMCC267519,Agkistrodon contortrix,-95.98828,31.64148
77,AMCC267520,Agkistrodon contortrix,-95.98759,31.64298
781,AMCC267521,Agkistrodon contortrix,-95.96072,31.62929
79,AMCC267522,Agkistrodon contortrix,-96.12719,31.75333
801,AMCC267523,Agkistrodon contortrix,-95.73278,30.66958
81,AMCC267524,Agkistrodon contortrix,-97.20956,30.10446
82,AMCC267525,Agkistrodon contortrix,-86.4058,30.938
831,AMCC267526,Agkistrodon contortrix,-84.66576,31.8547
841,AMCC267527,Agkistrodon contortrix,-81.54755,32.13062
851,AMCC267528,Agkistrodon contortrix,-81.54755,32.13062
861,AMCC267529,Agkistrodon contortrix,-83.16118,31.9073
871,AMCC267530,Agkistrodon contortrix,-83.18054,31.94167
881,AMCC267532,Agkistrodon contortrix,-79.54343,35.33391
891,AMCC267533,Agkistrodon contortrix,-84.70808,35.12384
901,AMCC267534,Agkistrodon contortrix,-86.19388,31.2094
911,AMCC267535,Agkistrodon contortrix,-84.96451,31.64204
921,AMCC267537,Agkistrodon contortrix,-83.582,32.30377
931,AMCC267538,Agkistrodon contortrix,-81.44222,32.21228
941,AMCC267539,Agkistrodon contortrix,-83.72838,32.4116
961,AMCC267540,Agkistrodon contortrix,-86.48451,30.91969
971,AMCC267541,Agkistrodon contortrix,-84.01044,31.95624
981,AMCC267542,Agkistrodon contortrix,-82.85306,32.25493
991,AMCC267543,Agkistrodon contortrix,-82.94447,32.24104
1061,AMCC267443,"Agkistrodon contortrix contortrix Linnaeus, 1766",-84.97253,30.50606
1071,AMCC264814,Diadophis punctatus,-81.09523,28.61142
1081,AMCC264779,Diadophis punctatus,-85.41798,32.42209
1091,AMCC264780,Diadophis punctatus,-87.3593,32.903
1101,AMCC264781,Diadophis punctatus,-87.3593,32.903
1111,AMCC264783,Diadophis punctatus,-85.535,33.84331
1121,AMCC264784,Diadophis punctatus,-85.535,33.84331
1131,AMCC264785,Diadophis punctatus,-85.535,33.84331
1141,AMCC264816,Diadophis punctatus,-82.46743,30.28375
1151,AMCC264818,Diadophis punctatus,-82.91732,29.29947
1161,AMCC264820,Diadophis punctatus,-83.30911,29.85743
1171,AMCC264776,Diadophis punctatus,-81.49404,32.14259
1181,AMCC264782,Diadophis punctatus,-89.29247,34.37933
1191,AMCC264763,Diadophis punctatus,-74.06764,41.95633
1201,AMCC264777,Diadophis punctatus,-81.11814,32.37906
1211,AMCC264778,Diadophis punctatus,-81.11814,32.37906
1221,AMCC264786,Diadophis punctatus,-81.59624,34.53627
1231,AMCC264764,Diadophis punctatus,-78.81839,38.87172
1241,AMCC264765,Diadophis punctatus,-78.83053,38.9295
125,AMCC264767,Diadophis punctatus,-79.59639,38.88219
126,AMCC264768,Diadophis punctatus,-79.16139,39.00261
127,AMCC264752,Diadophis punctatus,-75.58114,39.58861
128,AMCC264753,Diadophis punctatus,-75.58114,39.58861
129,AMCC264754,Diadophis punctatus,-75.58114,39.58861
130,AMCC264755,Diadophis punctatus,-75.58114,39.58864
131,AMCC264756,Diadophis punctatus,-78.69094,38.90786
132,AMCC264757,Diadophis punctatus,-76.95911,37.03261
133,AMCC264766,Diadophis punctatus,-79.51328,38.94583
134,AMCC264774,Diadophis punctatus,-83.57207,34.58527
135,AMCC264775,Diadophis punctatus,-81.990095,28.121591
136,AMCC264788,Diadophis punctatus,-82.08531,28.87128
137,AMCC264789,Diadophis punctatus,-82.33714,25.43728
1381,AMCC264790,Diadophis punctatus,-82.33714,25.43728
1391,AMCC264794,Diadophis punctatus,-93.1815,33.3479
1401,AMCC264795,Diadophis punctatus,-78.9167,39.56849
1411,AMCC264796,Diadophis punctatus,-84.477169,31.221356
1421,AMCC264797,Diadophis punctatus,-84.477169,31.221356
143,AMCC264798,Diadophis punctatus,-83.3167,34.9604
144,AMCC264800,Diadophis punctatus,-77.88644,37.31625
1451,AMCC264802,Diadophis punctatus,-86.07486,34.86569
1461,AMCC264803,Diadophis punctatus,-86.07486,34.86569
1471,AMCC264804,Diadophis punctatus,-86.04519,34.84494
1481,AMCC264805,Diadophis punctatus,-87.23406,34.11911
1491,AMCC264806,Diadophis punctatus,-89.26167,34.36008
1501,AMCC264807,Diadophis punctatus,-89.26167,34.38444
1511,AMCC264808,Diadophis punctatus,-74.72157,39.74028
1521,AMCC264809,Diadophis punctatus,-74.15844,42.52628
1531,AMCC264810,Diadophis punctatus,-77.13591,35.02717
1541,AMCC264811,Diadophis punctatus,-74.12697,41.199
1551,AMCC264812,Diadophis punctatus,-74.3939,39.6367
1561,AMCC264813,Diadophis punctatus,-82.47873,30.28117
1571,AMCC264815,Diadophis punctatus,-82.27098,31.08629
1581,AMCC264817,Diadophis punctatus,-83.57909,29.80626
1591,AMCC264819,Diadophis punctatus,-83.032269,29.30214
1601,AMCC264821,Diadophis punctatus,-84.45333,30.32189
1611,AMCC264822,Diadophis punctatus,-84.849,30.26954
1621,AMCC265270,Lampropeltis abnorma,-88.65405,17.75217
1631,AMCC266035,Lampropeltis californiae,-109.34418,31.4864
1641,AMCC266048,Lampropeltis californiae,-112.303047,33.514442
1651,AMCC266049,Lampropeltis californiae,-112.39355,32.013371
1661,AMCC266051,Lampropeltis californiae,-111.04417,31.74867
167,AMCC266052,Lampropeltis californiae,-110.844383,32.308733
1691,AMCC266053,Lampropeltis californiae,-121.897805,37.837861
1711,AMCC266054,Lampropeltis californiae,-121.768388,37.809972
1731,AMCC266055,Lampropeltis californiae,-121.770861,37.812138
1741,AMCC266056,Lampropeltis californiae,-122.007555,37.647611
175,AMCC266057,Lampropeltis californiae,-121.995944,37.641611
176,AMCC266060,Lampropeltis californiae,-110.892519,32.308473
1771,AMCC266063,Lampropeltis californiae,-110.97431,31.76619
1781,AMCC266064,Lampropeltis californiae,-111.304284,32.445009
1791,AMCC266033,Lampropeltis californiae,-117.95538,35.84938
1801,AMCC269725,Lampropeltis californiae,-113.9472,33.88179
1811,AMCC269716,Lampropeltis californiae,-112.87644,32.47234
1821,AMCC266014,Lampropeltis calligaster,-80.83035,27.239591
1831,AMCC266015,Lampropeltis calligaster,-85.98672,34.08139
1841,AMCC266016,Lampropeltis calligaster,-77.197722,37.412573
186,AMCC266019,Lampropeltis elapsoides,-80.27,32.95
1871,AMCC266021,Lampropeltis elapsoides,-85.55,33.7
188,AMCC266025,Lampropeltis elapsoides,-80.99364,28.47344
1891,AMCC266030,Lampropeltis elapsoides,-84.97566,29.96602
1901,AMCC266023,Lampropeltis elapsoides,-76.95586,34.76674
1911,AMCC266024,Lampropeltis elapsoides,-82.73548,29.27287
1921,AMCC266026,Lampropeltis elapsoides,-82.17818,32.07663
1931,AMCC266027,Lampropeltis elapsoides,-84.53991,30.36487
1941,AMCC266028,Lampropeltis elapsoides,-84.49505,30.34218
1951,AMCC266029,Lampropeltis elapsoides,-84.97684,29.99412
1961,AMCC266031,Lampropeltis elapsoides,-84.62582,29.92897
1971,AMCC266170,Lampropeltis elapsoides,-85.29464,29.71173
2041,AMCC266059,Lampropeltis holbrooki,-92.284722,29.997778
2051,AMCC266061,Lampropeltis holbrooki,-92.284722,29.997778
2061,AMCC266080,Lampropeltis holbrooki,-90.783925,34.780025
2071,AMCC266081,Lampropeltis holbrooki,-92.931732,34.94651
2081,AMCC266083,Lampropeltis holbrooki,-94.609524,29.735881
2101,AMCC266037,Lampropeltis nigra,-90.81997,32.11461
2111,AMCC266036,Lampropeltis nigra,-87.79094,31.54119
2121,AMCC266043,Lampropeltis nigra,-89.06933,33.51001
2131,AMCC266044,Lampropeltis nigra,-85.61476,33.57377
2141,AMCC266047,Lampropeltis nigra,-90.442822,30.396667
2151,AMCC266062,Lampropeltis nigra,-85.11752,34.471979
2161,AMCC266066,Lampropeltis nigra,-86.61883,38.35781
2171,AMCC266067,Lampropeltis nigra,-89.28603,37.46119
2181,AMCC266068,Lampropeltis nigra,-88.74703,37.54113
2191,AMCC266069,Lampropeltis nigra,-89.11259,37.44518
2201,AMCC266070,Lampropeltis nigra,-83.70536,37.79277
2211,AMCC266071,Lampropeltis nigra,-83.776977,37.84116
2221,AMCC266086,Lampropeltis nigra,-89.26111,34.62736
2231,AMCC266087,Lampropeltis nigra,-89.0005,34.09969
2241,AMCC266088,Lampropeltis nigra,-88.95317,33.86578
2271,AMCC266171,Lampropeltis polyzona,-97.493043,19.842217
2281,AMCC266172,Lampropeltis polyzona,-97.493043,19.842217
2291,AMCC266173,Lampropeltis polyzona,-97.493043,19.842217
2301,AMCC266200,Lampropeltis polyzona,-108.926899,28.371576
2311,AMCC266201,Lampropeltis polyzona,-108.926899,28.371576
2321,AMCC269679,Lampropeltis splendida,-108.37975,31.772
2331,AMCC269693,Lampropeltis splendida,-109.04863,31.87072
2341,AMCC269770,Lampropeltis splendida,-109.04585,31.81564
2351,AMCC266065,Lampropeltis splendida,-109.17678,32.25522
2361,AMCC266072,Lampropeltis splendida,-106.73672,34.65897
2371,AMCC266073,Lampropeltis splendida,-106.75237,34.56257
2381,AMCC266074,Lampropeltis splendida,-106.73636,34.62846
2391,AMCC266075,Lampropeltis splendida,-106.73636,34.62846
2401,AMCC266079,Lampropeltis splendida,-105.18632,24.482546
2411,AMCC266082,Lampropeltis splendida,-105.651339,31.13548
2421,AMCC266089,Lampropeltis splendida,-108.80838,31.76093
2431,AMCC266090,Lampropeltis splendida,-108.80838,31.76093
2441,AMCC266091,Lampropeltis splendida,-109.71626,32.73693
2451,AMCC266092,Lampropeltis splendida,-109.88992,32.60003
2461,AMCC266093,Lampropeltis splendida,-107.65153,31.82427
2471,AMCC266094,Lampropeltis splendida,-106.9903,32.53405
2481,AMCC266095,Lampropeltis splendida,-106.93865,32.49825
2491,AMCC266096,Lampropeltis splendida,-108.37973,31.77181
2511,AMCC266084,Lampropeltis splendida,-104.6458,30.6125
2521,AMCC266085,Lampropeltis splendida,-105.650526,31.135735
2541,AMCC266179,Lampropeltis triangulum,-74.90567,42.04536
2551,AMCC266183,Lampropeltis triangulum,-74.14478,41.78596
2561,AMCC266199,Lampropeltis triangulum,-75.064651,41.835104
2571,AMCC266212,Lampropeltis triangulum,-74.9139,41.9319
2581,AMCC266193,Lampropeltis triangulum,-74.5423,39.91973
2591,AMCC266182,Lampropeltis triangulum,-79.53219,39.02019
2601,AMCC266181,Lampropeltis triangulum,-78.63061,38.87011
2611,AMCC266185,Lampropeltis triangulum,-74.02813,42.46375
2621,AMCC266186,Lampropeltis triangulum,-76.509261,44.443742
2631,AMCC266187,Lampropeltis triangulum,-90.545748,39.008525
2641,AMCC266188,Lampropeltis triangulum,-90.54589,39.005753
2651,AMCC266189,Lampropeltis triangulum,-92.659595,34.635025
2661,AMCC266190,Lampropeltis triangulum,-104.199784,19.258951
2671,AMCC266191,Lampropeltis triangulum,-84.947993,39.472247
2681,AMCC266194,Lampropeltis triangulum,-106.029545,34.595958
2691,AMCC266196,Lampropeltis triangulum,-103.724753,19.243311
2701,AMCC266197,Lampropeltis triangulum,-98.072951,22.92084
271,AMCC266198,Lampropeltis triangulum,-72.653181,42.192731
272,AMCC266202,Lampropeltis triangulum,-111.096108,35.11851
273,AMCC266203,Lampropeltis triangulum,-75.598858,41.414803
274,AMCC266204,Lampropeltis triangulum,-90.922593,36.733428
275,AMCC266205,Lampropeltis triangulum,-84.338181,9.98545
281,AMCC266207,Lampropeltis triangulum,-82.740465,39.47351
282,AMCC266208,Lampropeltis triangulum,-81.50098,40.53238
283,AMCC266209,Lampropeltis triangulum,-81.429557,39.746838
284,AMCC266213,Lampropeltis triangulum,-74.090624,41.742025
285,AMCC266214,Lampropeltis triangulum,-74.2826,41.2972
286,AMCC266215,Lampropeltis triangulum,-74.179605,40.532278
287,AMCC266216,Lampropeltis triangulum,-85.35524,10.34823
290,AMCC266184,Lampropeltis triangulum,-74.41687,39.88356
291,AMCC266195,Lampropeltis triangulum,-75.50782,40.482363
292,AMCC266210,Lampropeltis triangulum,-88.207885,15.645794
316,AMCC131383,Masticophis flagellum,-109.4981,31.4189
317,AMCC266282,Masticophis flagellum,-82.63621,29.5164
318,AMCC266285,Masticophis flagellum,-81.8743,29.21502
319,AMCC266289,Masticophis flagellum,-81.75647,27.90947
320,AMCC266297,Masticophis flagellum,-84.36819,31.32126
321,AMCC266227,Masticophis flagellum,-81.39377,32.5542
322,AMCC266276,Masticophis flagellum,-81.77882,32.14814
323,AMCC266280,Masticophis flagellum,-84.27669,31.5039
324,AMCC266308,Masticophis flagellum,-83.08018,31.011
325,AMCC266314,Masticophis flagellum,-83.55845,30.01835
326,AMCC266316,Masticophis flagellum,-84.78578,30.38845
327,AMCC266318,Masticophis flagellum,-85.31251,30.31809
328,AMCC266320,Masticophis flagellum,-86.63211,30.7526
329,AMCC266226,Masticophis flagellum,-85.10378,29.63525
330,AMCC266228,Masticophis flagellum,-82.32692,28.65464
331,AMCC266229,Masticophis flagellum,-84.477169,31.221356
332,AMCC266230,Masticophis flagellum,-84.477169,31.221356
333,AMCC266231,Masticophis flagellum,-84.477169,31.221356
334,AMCC266232,Masticophis flagellum,-84.477169,31.221356
335,AMCC266233,Masticophis flagellum,-84.477169,31.221356
336,AMCC266234,Masticophis flagellum,-84.477169,31.221356
337,AMCC266235,Masticophis flagellum,-84.477169,31.221356
338,AMCC266236,Masticophis flagellum,-84.477169,31.221356
339,AMCC266237,Masticophis flagellum,-84.477169,31.221356
340,AMCC266238,Masticophis flagellum,-84.477169,31.221356
341,AMCC266239,Masticophis flagellum,-84.477169,31.221356
342,AMCC266240,Masticophis flagellum,-84.477169,31.221356
343,AMCC266241,Masticophis flagellum,-84.477169,31.221356
344,AMCC266242,Masticophis flagellum,-84.477169,31.221356
345,AMCC266243,Masticophis flagellum,-84.477169,31.221356
346,AMCC266244,Masticophis flagellum,-84.477169,31.221356
347,AMCC266245,Masticophis flagellum,-84.477169,31.221356
348,AMCC266246,Masticophis flagellum,-84.477169,31.221356
349,AMCC266247,Masticophis flagellum,-84.477169,31.221356
350,AMCC266248,Masticophis flagellum,-84.477169,31.221356
351,AMCC266249,Masticophis flagellum,-84.477169,31.221356
352,AMCC266250,Masticophis flagellum,-84.477169,31.221356
353,AMCC266251,Masticophis flagellum,-84.477169,31.221356
354,AMCC266252,Masticophis flagellum,-82.80537,32.26088
355,AMCC266253,Masticophis flagellum,-81.30084,27.23868
356,AMCC266254,Masticophis flagellum,-113.13875,33.2577
357,AMCC266256,Masticophis flagellum,-109.14418,31.96045
358,AMCC266257,Masticophis flagellum,-106.87869,34.33763
359,AMCC266258,Masticophis flagellum,-106.81205,34.65024
360,AMCC266259,Masticophis flagellum,-106.7651,34.41957
361,AMCC266260,Masticophis flagellum,-109.69695,32.64615
362,AMCC266261,Masticophis flagellum,-107.70973,32.04774
363,AMCC266262,Masticophis flagellum,-107.65617,31.82276
364,AMCC266263,Masticophis flagellum,-109.23574,31.59724
365,AMCC266264,Masticophis flagellum,-82.4185,32.6116
366,AMCC266265,Masticophis flagellum,-96.90973,31.30492
367,AMCC266266,Masticophis flagellum,-84.477167,31.221213
368,AMCC266267,Masticophis flagellum,-84.477167,31.221213
369,AMCC266268,Masticophis flagellum,-84.583168,31.01369
370,AMCC266269,Masticophis flagellum,-84.477167,31.221213
371,AMCC266270,Masticophis flagellum,-84.477167,31.221213
372,AMCC266271,Masticophis flagellum,-84.477167,31.221213
373,AMCC266272,Masticophis flagellum,-84.477167,31.221213
374,AMCC266273,Masticophis flagellum,-84.583168,31.01369
375,AMCC266274,Masticophis flagellum,-83.01644,30.04275
376,AMCC266275,Masticophis flagellum,-81.77189,32.14746
377,AMCC266277,Masticophis flagellum,-82.12882,31.92492
378,AMCC266278,Masticophis flagellum,-85.04597,31.62315
379,AMCC266279,Masticophis flagellum,-85.02119,31.67147
380,AMCC266281,Masticophis flagellum,-82.73479,32.16044
381,AMCC266283,Masticophis flagellum,-82.63621,29.099
382,AMCC266284,Masticophis flagellum,-81.88645,29.37228
383,AMCC266286,Masticophis flagellum,-81.45798,29.01107
384,AMCC266287,Masticophis flagellum,-80.90639,27.75796
385,AMCC266288,Masticophis flagellum,-81.44868,27.85655
386,AMCC266290,Masticophis flagellum,-82.52151,28.94228
387,AMCC266291,Masticophis flagellum,-82.62151,28.94228
388,AMCC266292,Masticophis flagellum,-82.62764,28.9543
389,AMCC266293,Masticophis flagellum,-84.29692,30.36828
390,AMCC266294,Masticophis flagellum,-84.7459,29.79741
391,AMCC266295,Masticophis flagellum,-85.91006,30.45492
392,AMCC266296,Masticophis flagellum,-84.37263,31.32259
393,AMCC266298,Masticophis flagellum,-83.76663,31.67541
394,AMCC266299,Masticophis flagellum,-82.14018,31.9446
395,AMCC266300,Masticophis flagellum,-83.51659,32.66002
396,AMCC266301,Masticophis flagellum,-83.16216,30.48964
397,AMCC266302,Masticophis flagellum,-82.50691,32.03915
398,AMCC266303,Masticophis flagellum,-82.49959,32.05505
399,AMCC266304,Masticophis flagellum,-82.5501,31.28765
400,AMCC266305,Masticophis flagellum,-82.47876,30.09919
401,AMCC266306,Masticophis flagellum,-83.664,30.06986
402,AMCC266307,Masticophis flagellum,-83.67918,30.09103
403,AMCC266309,Masticophis flagellum,-81.80122,29.34085
404,AMCC266310,Masticophis flagellum,-81.90895,29.46248
405,AMCC266311,Masticophis flagellum,-81.89511,29.50489
406,AMCC266312,Masticophis flagellum,-82.63957,29.60508
407,AMCC266313,Masticophis flagellum,-83.31627,29.72953
408,AMCC266315,Masticophis flagellum,-84.24898,30.16895
409,AMCC266317,Masticophis flagellum,-85.22103,30.33418
410,AMCC266319,Masticophis flagellum,-86.72334,30.82415
411,AMCC266321,Masticophis flagellum,-86.69709,30.79897
412,AMCC266322,Masticophis flagellum,-86.26267,31.39626
413,AMCC266323,Masticophis flagellum,-85.04282,32.18748
414,AMCC266324,Masticophis flagellum,-85.55931,32.14372
415,AMCC266325,Masticophis flagellum,-82.81251,32.26014
418,AMCC269634,Masticophis flagellum,-99.0825,32.76217
419,AMCC269636,Masticophis flagellum,-102.58082,32.71121
420,AMCC269639,Masticophis flagellum,-104.07269,32.1014
421,AMCC269641,Masticophis flagellum,-103.66731,31.6463
422,AMCC269642,Masticophis flagellum,-103.40491,32.18395
423,AMCC269648,Masticophis flagellum,-104.38033,32.95682
424,AMCC269649,Masticophis flagellum,-104.33687,32.19728
425,AMCC269653,Masticophis flagellum,-105.96581,33.5808
426,AMCC269661,Masticophis flagellum,-107.32455,32.60183
427,AMCC269670,Masticophis flagellum,-108.33517,31.875
428,AMCC269717,Masticophis flagellum,-112.254944,33.059965
429,AMCC269718,Masticophis flagellum,-112.322021,33.043203
430,AMCC269733,Masticophis flagellum,-112.6926,33.93536
431,AMCC269736,Masticophis flagellum,-110.73831,32.93947
432,AMCC269740,Masticophis flagellum,-111.13174,32.74914
433,AMCC269759,Masticophis flagellum,-109.1551,31.65849
434,AMCC269766,Masticophis flagellum,-107.6392,31.82879
435,AMCC269771,Masticophis flagellum,-106.134896,32.797448
436,AMCC269731,Masticophis flagellum,-114.02694,33.91423
437,AMCC265607,Pantherophis guttatus,-82.43384,30.20398
438,AMCC265613,Pantherophis guttatus,-81.55216,28.97478
439,AMCC265615,Pantherophis guttatus,-81.31765,27.80341
440,AMCC263490,Pantherophis guttatus,-79.50158,35.44239
441,AMCC265621,Pantherophis guttatus,-81.83787,32.1473
442,AMCC265629,Pantherophis guttatus,-82.73698,31.8987
443,AMCC265596,Pantherophis guttatus,-81.90632,29.4107
444,AMCC265631,Pantherophis guttatus,-82.47761,30.28285
445,AMCC265638,Pantherophis guttatus,-83.567,29.79099
446,AMCC265641,Pantherophis guttatus,-81.7375,29.43138
447,AMCC265644,Pantherophis guttatus,-83.21849,29.96859
448,AMCC265647,Pantherophis guttatus,-84.83121,29.79946
449,AMCC265651,Pantherophis guttatus,-84.96008,30.71738
450,AMCC265654,Pantherophis guttatus,-86.53876,30.818
451,AMCC265573,Pantherophis guttatus,-85.56281,33.70139
452,AMCC265574,Pantherophis guttatus,-84.32331,35.54444
453,AMCC265575,Pantherophis guttatus,-85.06097,29.71838
454,AMCC265576,Pantherophis guttatus,-85.29464,29.71173
455,AMCC265577,Pantherophis guttatus,-85.11382,29.71845
456,AMCC265578,Pantherophis guttatus,-89.38201,34.76062
457,AMCC265579,Pantherophis guttatus,-89.54936,34.25319
458,AMCC265580,Pantherophis guttatus,-89.73164,33.11944
459,AMCC265581,Pantherophis guttatus,-87.35298,34.31266
460,AMCC265582,Pantherophis guttatus,-81.07462,26.82648
461,AMCC265583,Pantherophis guttatus,-80.97344,27.51205
462,AMCC265584,Pantherophis guttatus,-82.54546,31.39183
463,AMCC265585,Pantherophis guttatus,-89.46592,34.57236
464,AMCC265586,Pantherophis guttatus,-84.67497,35.16511
465,AMCC265587,Pantherophis guttatus,-84.39519,35.49
466,AMCC265588,Pantherophis guttatus,-85.03045,30.97591
467,AMCC265589,Pantherophis guttatus,-84.9773,29.89053
468,AMCC265590,Pantherophis guttatus,-84.72877,29.80848
469,AMCC265591,Pantherophis guttatus,-76.14169,35.45351
470,AMCC265592,Pantherophis guttatus,-85.76008,31.09174
471,AMCC265593,Pantherophis guttatus,-86.99969,30.78185
472,AMCC265594,Pantherophis guttatus,-86.65962,30.72797
473,AMCC265595,Pantherophis guttatus,-85.28129,30.94476
474,AMCC265597,Pantherophis guttatus,-81.61252,30.0251
475,AMCC265598,Pantherophis guttatus,-81.79636,29.82953
476,AMCC265599,Pantherophis guttatus,-82.96858,29.83028
477,AMCC265600,Pantherophis guttatus,-83.3596,29.71754
478,AMCC265601,Pantherophis guttatus,-81.981411,32.042219
479,AMCC265602,Pantherophis guttatus,-81.99515,31.95795
480,AMCC265603,Pantherophis guttatus,-82.51108,32.00366
481,AMCC265604,Pantherophis guttatus,-85.17343,31.27037
482,AMCC265605,Pantherophis guttatus,-81.71797,32.55729
483,AMCC263489,Pantherophis guttatus,-79.52782,35.39473
484,AMCC265606,Pantherophis guttatus,-82.30433,30.23878
485,AMCC265608,Pantherophis guttatus,-82.55466,30.23924
486,AMCC265609,Pantherophis guttatus,-82.42265,29.93148
487,AMCC265610,Pantherophis guttatus,-82.72879,29.26261
488,AMCC265611,Pantherophis guttatus,-82.73393,29.26997
489,AMCC265612,Pantherophis guttatus,-83.31457,29.82717
490,AMCC265614,Pantherophis guttatus,-81.33581,27.78396
491,AMCC265616,Pantherophis guttatus,-82.9849,29.20618
492,AMCC265617,Pantherophis guttatus,-82.99544,29.50509
493,AMCC265618,Pantherophis guttatus,-85.09669,31.61712
494,AMCC265619,Pantherophis guttatus,-84.06229,31.44551
495,AMCC265620,Pantherophis guttatus,-82.45105,31.98386
496,AMCC265622,Pantherophis guttatus,-82.03563,32.01947
497,AMCC265623,Pantherophis guttatus,-82.35113,31.18241
498,AMCC265624,Pantherophis guttatus,-82.37094,31.07225
499,AMCC265625,Pantherophis guttatus,-82.98846,30.39292
500,AMCC265627,Pantherophis guttatus,-83.00766,31.24627
501,AMCC265630,Pantherophis guttatus,-82.33362,30.37732
502,AMCC265632,Pantherophis guttatus,-82.28956,30.29146
503,AMCC265633,Pantherophis guttatus,-82.44297,30.20309
504,AMCC265634,Pantherophis guttatus,-82.33878,30.22645
505,AMCC265635,Pantherophis guttatus,-82.87927,29.95258
506,AMCC265636,Pantherophis guttatus,-83.61362,30.03584
507,AMCC265637,Pantherophis guttatus,-83.62752,29.98825
508,AMCC265639,Pantherophis guttatus,-84.24798,30.17055
509,AMCC265640,Pantherophis guttatus,-83.67045,30.08624
510,AMCC265642,Pantherophis guttatus,-82.88869,29.35302
511,AMCC265643,Pantherophis guttatus,-83.36447,29.68109
512,AMCC265645,Pantherophis guttatus,-84.97699,29.93011
513,AMCC265646,Pantherophis guttatus,-84.82029,30.34708
514,AMCC265648,Pantherophis guttatus,-85.18649,30.45428
515,AMCC265649,Pantherophis guttatus,-85.04689,30.71948
516,AMCC265650,Pantherophis guttatus,-85.0356,30.70856
517,AMCC265652,Pantherophis guttatus,-85.01175,29.71398
518,AMCC265653,Pantherophis guttatus,-85.69635,30.61385
519,AMCC265655,Pantherophis guttatus,-86.90968,30.86469
520,AMCC265656,Pantherophis guttatus,-86.14027,31.81075
523,AMCC267207,Storeria dekayi,-73.989872,40.443119
524,AMCC267212,Storeria dekayi,-84.24695,43.76169
525,AMCC267199,Storeria dekayi,-77.05997,37.06428
526,AMCC267200,Storeria dekayi,-74.1214,40.6253
527,AMCC267201,Storeria dekayi,-81.990095,28.121591
528,AMCC267202,Storeria dekayi,-83.69304,37.83747
529,AMCC267203,Storeria dekayi,-77.73622,36.46378
530,AMCC267205,Storeria dekayi,-83.54543,34.56159
531,AMCC267206,Storeria dekayi,-95.04282,31.07726
532,AMCC267209,Storeria dekayi,-74.2826,41.2972
533,AMCC267210,Storeria dekayi,-79.51356,35.39058
534,AMCC267211,Storeria dekayi,-84.280161,43.590265
535,AMCC267213,Storeria dekayi,-74.153951,40.600977
536,AMCC267214,Storeria dekayi,-81.66223,31.28009
537,AMCC245122,Thamnophis sirtalis,-81.09523,28.69359
538,AMCC244354,Thamnophis sirtalis,-87.59742,33.065
539,AMCC245146,Thamnophis sirtalis,-85.48013,32.06832
540,AMCC244557,Thamnophis sirtalis,-82.63631,30.2947
541,AMCC245126,Thamnophis sirtalis,-84.98815,30.13237
542,AMCC245135,Thamnophis sirtalis,-85.06697,30.16143
543,AMCC245138,Thamnophis sirtalis,-84.98624,30.10538
544,AMCC245142,Thamnophis sirtalis,-84.62057,30.02734
545,AMCC245143,Thamnophis sirtalis,-86.87101,30.85748
546,AMCC245129,Thamnophis sirtalis,-82.34865,31.11669
547,AMCC245147,Thamnophis sirtalis,-82.9582,32.23676
548,AMCC244624,Thamnophis sirtalis,-84.26721,43.83872
549,AMCC244356,Thamnophis sirtalis,-74.5114,41.53597
550,AMCC244363,Thamnophis sirtalis,-74.79214,42.20072
551,AMCC244369,Thamnophis sirtalis,-74.05747,41.96044
552,AMCC244376,Thamnophis sirtalis,-74.1672,44.7356
553,AMCC244377,Thamnophis sirtalis,-74.1714,44.7344
554,AMCC244378,Thamnophis sirtalis,-74.1717,44.7403
555,AMCC244446,Thamnophis sirtalis,-74.991654,42.068824
556,AMCC244447,Thamnophis sirtalis,-74.891317,42.034313
557,AMCC244560,Thamnophis sirtalis,-74.13947,42.51489
558,AMCC244562,Thamnophis sirtalis,-74.22944,42.45617
559,AMCC244420,Thamnophis sirtalis,-81.79249,39.23009
560,AMCC244421,Thamnophis sirtalis,-81.27572,41.50701
561,AMCC244422,Thamnophis sirtalis,-81.27572,41.50701
562,AMCC244423,Thamnophis sirtalis,-81.27572,41.50701
563,AMCC244381,Thamnophis sirtalis,-78.98039,39.04303
564,AMCC244382,Thamnophis sirtalis,-79.00122,39.01869
565,AMCC244387,Thamnophis sirtalis,-79.59075,39.03222
566,AMCC244392,Thamnophis sirtalis,-79.72047,39.04956
567,AMCC244396,Thamnophis sirtalis,-79.50631,38.91286
568,AMCC244395,Thamnophis sirtalis,-79.53178,38.91492
569,AMCC244397,Thamnophis sirtalis,-79.78328,39.03822
570,AMCC244355,Thamnophis sirtalis,-74.2,40.53
571,AMCC244366,Thamnophis sirtalis,-78.01361,39.10736
572,AMCC244367,Thamnophis sirtalis,-81.55811,34.62689
573,AMCC244368,Thamnophis sirtalis,-79.32617,34.45147
574,AMCC244379,Thamnophis sirtalis,-74.1228,44.7239
575,AMCC244383,Thamnophis sirtalis,-79.22356,38.98811
576,AMCC244384,Thamnophis sirtalis,-79.21889,39.11456
577,AMCC244385,Thamnophis sirtalis,-79.21889,39.11456
578,AMCC244386,Thamnophis sirtalis,-79.85761,38.92456
579,AMCC244388,Thamnophis sirtalis,-79.73903,38.91342
580,AMCC244389,Thamnophis sirtalis,-79.74164,38.92511
581,AMCC244390,Thamnophis sirtalis,-79.34281,38.87778
582,AMCC244391,Thamnophis sirtalis,-79.36583,38.86267
583,AMCC244393,Thamnophis sirtalis,-79.73356,39.04369
584,AMCC244394,Thamnophis sirtalis,-79.31003,38.90961
585,AMCC244398,Thamnophis sirtalis,-70.0999,41.2833
586,AMCC244402,Thamnophis sirtalis,-83.46015,34.37418
587,AMCC244405,Thamnophis sirtalis,-87.09151,32.57435
588,AMCC244406,Thamnophis sirtalis,-87.40172,33.807
589,AMCC244407,Thamnophis sirtalis,-74.29115,41.83014
590,AMCC244408,Thamnophis sirtalis,-74.34366,39.88681
591,AMCC244409,Thamnophis sirtalis,-74.49964,39.90501
592,AMCC244410,Thamnophis sirtalis,-74.13879,42.51856
593,AMCC248920,Thamnophis sirtalis,-74.14981,42.52481
594,AMCC248921,Thamnophis sirtalis,-74.14981,42.52481
595,AMCC248922,Thamnophis sirtalis,-74.14981,42.52481
597,AMCC248923,Thamnophis sirtalis,-74.14981,42.52481
598,AMCC248924,Thamnophis sirtalis,-74.14981,42.52481
599,AMCC248925,Thamnophis sirtalis,-74.14981,42.52481
600,AMCC244425,Thamnophis sirtalis,-74.15458,42.52367
601,AMCC244426,Thamnophis sirtalis,-78.9167,39.56849
602,AMCC244427,Thamnophis sirtalis,-74.06542,41.80021
603,AMCC244435,Thamnophis sirtalis,-74.41911,41.92051
604,AMCC244436,Thamnophis sirtalis,-83.28432,33.70337
605,AMCC244437,Thamnophis sirtalis,-81.35508,25.95931
606,AMCC244441,Thamnophis sirtalis,-85.575551,32.395383
607,AMCC244442,Thamnophis sirtalis,-74.961454,41.102602
608,AMCC244443,Thamnophis sirtalis,-89.13238,37.37612
609,AMCC244444,Thamnophis sirtalis,-89.38817,37.68979
610,AMCC244445,Thamnophis sirtalis,-83.79375,37.84153
611,AMCC244448,Thamnophis sirtalis,-82.93564,31.24925
612,AMCC244449,Thamnophis sirtalis,-70.60931,43.22128
613,AMCC244450,Thamnophis sirtalis,-76.774555,40.485846
614,AMCC244553,Thamnophis sirtalis,-75.482253,41.414705
615,AMCC244554,Thamnophis sirtalis,-75.482253,41.414705
616,AMCC244555,Thamnophis sirtalis,-75.482253,41.414705
617,AMCC244556,Thamnophis sirtalis,-75.482253,41.414705
618,AMCC244558,Thamnophis sirtalis,-85.28782,29.69185
619,AMCC244559,Thamnophis sirtalis,-84.82269,30.32219
620,AMCC248930,Thamnophis sirtalis,-74.14981,42.52481
621,AMCC248931,Thamnophis sirtalis,-74.14981,42.52481
622,AMCC248932,Thamnophis sirtalis,-74.14981,42.52481
623,AMCC248933,Thamnophis sirtalis,-74.14981,42.52481
624,AMCC248934,Thamnophis sirtalis,-74.14981,42.52481
625,AMCC244563,Thamnophis sirtalis,-77.17199,34.88105
626,AMCC244564,Thamnophis sirtalis,-95.01162,31.24255
627,AMCC244565,Thamnophis sirtalis,-96.5479,31.77714
628,AMCC244572,Thamnophis sirtalis,-77.38843,42.6255
629,AMCC244573,Thamnophis sirtalis,-74.92,43.37
630,AMCC244574,Thamnophis sirtalis,-74.86052,43.39586
631,AMCC244576,Thamnophis sirtalis,-70.41979,44.71378
632,AMCC244577,Thamnophis sirtalis,-68.30499,45.50123
633,AMCC244579,Thamnophis sirtalis,-68.54187,44.96617
634,AMCC244580,Thamnophis sirtalis,-68.54187,44.96617
635,AMCC244581,Thamnophis sirtalis,-69.05437,44.22928
636,AMCC244583,Thamnophis sirtalis,-73.43575,41.76847
637,AMCC244584,Thamnophis sirtalis,-73.43575,41.75847
638,AMCC244585,Thamnophis sirtalis,-72.38563,41.533
639,AMCC244586,Thamnophis sirtalis,-72.56092,41.4844
640,AMCC244587,Thamnophis sirtalis,-72.16328,41.85658
641,AMCC244588,Thamnophis sirtalis,-72.86338,41.99295
642,AMCC244590,Thamnophis sirtalis,-70.924046,43.132214
643,AMCC244601,Thamnophis sirtalis,-83.718677,35.67011
644,AMCC244602,Thamnophis sirtalis,-83.718677,35.67011
645,AMCC244603,Thamnophis sirtalis,-74.2826,41.2972
646,AMCC244604,Thamnophis sirtalis,-74.05383,41.24489
647,AMCC244605,Thamnophis sirtalis,-74.57692,39.6159
648,AMCC244606,Thamnophis sirtalis,-74.63563,39.62943
649,AMCC244607,Thamnophis sirtalis,-74.96402,41.82481
650,AMCC244608,Thamnophis sirtalis,-74.95647,41.79208
651,AMCC244609,Thamnophis sirtalis,-74.64063,41.2647
652,AMCC244611,Thamnophis sirtalis,-74.100344,41.290167
653,AMCC244612,Thamnophis sirtalis,-74.49472,41.57108
654,AMCC244613,Thamnophis sirtalis,-74.45579,41.61286
655,AMCC244614,Thamnophis sirtalis,-74.42666,41.67475
656,AMCC248948,Thamnophis sirtalis,-84.477167,31.221213
657,AMCC244615,Thamnophis sirtalis,-82.4061,30.32431
658,AMCC244616,Thamnophis sirtalis,-82.56967,42.61376
659,AMCC244617,Thamnophis sirtalis,-84.27578,43.77073
660,AMCC244618,Thamnophis sirtalis,-84.08358,43.66814
661,AMCC248949,Thamnophis sirtalis,-84.477167,31.221213
662,AMCC248950,Thamnophis sirtalis,-84.477167,31.221213
663,AMCC248951,Thamnophis sirtalis,-84.477167,31.221213
664,AMCC244621,Thamnophis sirtalis,-84.477167,31.221213
665,AMCC244623,Thamnophis sirtalis,-84.24696,43.75344
666,AMCC244625,Thamnophis sirtalis,-84.27773,43.87111
667,AMCC244626,Thamnophis sirtalis,-84.22698,43.68388
668,AMCC244627,Thamnophis sirtalis,-84.24769,43.60571
669,AMCC244628,Thamnophis sirtalis,-84.63116,42.69191
670,AMCC244629,Thamnophis sirtalis,-84.28361,43.66946
671,AMCC244631,Thamnophis sirtalis,-84.25472,43.74181
672,AMCC244632,Thamnophis sirtalis,-84.006541,43.392497
673,AMCC244633,Thamnophis sirtalis,-75.00965,40.98673
674,AMCC245115,Thamnophis sirtalis,-74.113009,40.595588
675,AMCC245116,Thamnophis sirtalis,-81.63893,32.07304
676,AMCC245117,Thamnophis sirtalis,-81.5768,31.84076
677,AMCC245118,Thamnophis sirtalis,-83.507472,30.69737
678,AMCC245120,Thamnophis sirtalis,-81.83201,30.7812
679,AMCC245121,Thamnophis sirtalis,-80.93972,28.65241
680,AMCC245123,Thamnophis sirtalis,-80.99611,27.91912
681,AMCC245124,Thamnophis sirtalis,-81.37433,27.76915
682,AMCC245125,Thamnophis sirtalis,-81.59033,27.41292
683,AMCC245127,Thamnophis sirtalis,-81.68634,32.14023
684,AMCC245128,Thamnophis sirtalis,-82.27153,31.06826
685,AMCC245130,Thamnophis sirtalis,-83.57819,29.9637
686,AMCC245131,Thamnophis sirtalis,-83.56422,29.99533
687,AMCC245132,Thamnophis sirtalis,-81.62333,29.87098
688,AMCC245133,Thamnophis sirtalis,-82.90347,29.32261
689,AMCC245134,Thamnophis sirtalis,-83.17761,30.03816
690,AMCC245136,Thamnophis sirtalis,-84.88335,30.41819
691,AMCC245137,Thamnophis sirtalis,-84.97647,29.95024
692,AMCC245139,Thamnophis sirtalis,-84.94494,30.17438
693,AMCC245140,Thamnophis sirtalis,-84.86749,30.24473
694,AMCC245141,Thamnophis sirtalis,-84.83363,30.29441
695,AMCC245144,Thamnophis sirtalis,-86.00253,31.57239
696,AMCC245145,Thamnophis sirtalis,-85.2087,31.96124
697,AMCC244372,Thamnophis sirtalis,-74.1228,44.7239
698,F_erytrogramma_FE_1,Farancia erytrogramma,-81.965313,32.80377
699,F_erytrogramma_FE_2,Farancia erytrogramma,-81.652511,33.09765
700,F_erytrogramma_FE_3,Farancia erytrogramma,-79.782067,34.050528
701,F_erytrogramma_FE_4,Farancia erytrogramma,-81.652511,33.09765
702,F_erytrogramma_FE_7,Farancia erytrogramma,-89.15104,31.05602
703,F_erytrogramma_FTB3015,Farancia erytrogramma,-82.85775,32.48275
704,F_erytrogramma_FTB_3020,Farancia erytrogramma,-89.7294,30.52093
705,F_erytrogramma_FTB_3021,Farancia erytrogramma,-81.43663,31.36673
706,F_erytrogramma_FTB_3023,Farancia erytrogramma,-82.8654,32.4894
707,F_erytrogramma_FTB_3629,Farancia erytrogramma,-84.74849,30.26653
708,F_erytrogramma_H7088,Farancia erytrogramma,-90.109871,30.522774
709,F_erytrogramma_JDW_FE24,Farancia erytrogramma,-81.747825,33.22254
710,F_erytrogramma_NCSM81458,Farancia erytrogramma,-75.8015,36.2751
711,F_erytrogramma_NCSM84830,Farancia erytrogramma,-78.3227,34.7868
712,F_erytrogramma_NCSM90674,Farancia erytrogramma,-75.95832,36.53744
713,F_erytrogramma_NCSM_90708,Farancia erytrogramma,-79.11865,35.17129
714,F_erytrogramma_NCSM_90709,Farancia erytrogramma,-75.96176,36.53833
715,F_abacura_AHT2952,Farancia abacura,-86.53952,31.21348
716,F_abacura_AHT3003,Farancia abacura,-86.33746,32.48268
717,F_abacura_AHT5034,Farancia abacura,-85.98718,30.47388
718,F_abacura_AHT5036,Farancia abacura,-85.91598,30.54687
719,F_abacura_CSA336,Farancia abacura,-95.17,30.398183
720,F_abacura_DBN42,Farancia abacura,-96.215295,30.838957
721,F_abacura_DBN45,Farancia abacura,-95.865383,29.874228
722,F_abacura_DL1091,Farancia abacura,-96.55230556,28.46958333
723,F_abacura_FTB1630,Farancia abacura,-85.374549,29.911209
724,F_abacura_FTB2096,Farancia abacura,-76.98554,34.95828
725,F_abacura_FTB2132,Farancia abacura,-86.40119,31.46696
726,F_abacura_FTB2197,Farancia abacura,-85.33681,30.94059
727,F_abacura_FTB2262,Farancia abacura,-92.75793,34.77998
728,F_abacura_FTB3022,Farancia abacura,-81.845686,32.415436
729,F_abacura_FTB3026,Farancia abacura,-82.57548,31.87025
730,F_abacura_FTB3312,Farancia abacura,-82.45978,30.28575
731,F_abacura_FTB3401,Farancia abacura,-83.57597,29.97285
732,F_abacura_FTB3495,Farancia abacura,-82.03402,31.47405
733,F_abacura_FTB3572,Farancia abacura,-84.33466,30.41433
734,F_abacura_FTB3580,Farancia abacura,-84.53688,30.36275
735,F_abacura_FTB3606,Farancia abacura,-84.97648,29.94561
736,F_abacura_FTB3619,Farancia abacura,-84.84399,30.27847
737,F_abacura_FTB3630,Farancia abacura,-84.72198,30.17064
738,F_abacura_FTB3658,Farancia abacura,-85.24169,30.28521
739,F_abacura_FTB374,Farancia abacura,-78.531015,34.963115
740,F_abacura_FTB3776,Farancia abacura,-83.82196,31.59575
741,F_abacura_GRC5017,Farancia abacura,-90.35955,32.33098
742,F_abacura_H14727,Farancia abacura,-92.706101,30.247084
743,F_abacura_H19768,Farancia abacura,-91.10831,30.315477
744,F_abacura_H21088,Farancia abacura,-92.509117,31.178418
745,F_abacura_H21430,Farancia abacura,-91.030035,29.913237
746,F_abacura_H2902,Farancia abacura,-90.394669,29.782034
747,F_abacura_HERPET155381,Farancia abacura,-82.30195,29.604339
748,F_abacura_HERPET155400,Farancia abacura,-82.2218,29.5173
749,F_abacura_HERPET155816,Farancia abacura,-82.09087,29.71172
750,F_abacura_HERPET169820,Farancia abacura,-81.395,25.9188
751,F_abacura_JDW_FA186,Farancia abacura,-81.42828,33.10714
752,F_abacura_JDW_FA69,Farancia abacura,-81.746185,33.250192
753,F_abacura_JDW_FA78,Farancia abacura,-81.746185,33.250192
754,F_abacura_NCSM78287,Farancia abacura,-77.7071,34.3708
755,F_abacura_NCSM79427,Farancia abacura,-78.6138,34.2475
756,F_abacura_NCSM84702,Farancia abacura,-79.5543,35.07
757,F_abacura_NCSM86518,Farancia abacura,-75.8824,35.8543
758,F_abacura_OCGR9906,Farancia abacura,-94.642258,33.745863
758,FTB1171,Lampropeltis triangulum,-76.51,44.44
758,Lt1,Lampropeltis triangulum,-85.64,34.35
758,Lt2,Lampropeltis triangulum,-85.61,34.39
758,Lt3,Lampropeltis triangulum,-85.65,34.35
758,AUHT-3018,Lampropeltis triangulum,-87.41,34.28
758,YP13969,Lampropeltis triangulum,-73.12,41.26
758,FTB1525,Lampropeltis triangulum,-87.45,40.92
758,FTB1512,Lampropeltis triangulum,-90.55,39.01
758,FTB1513,Lampropeltis triangulum,-90.55,39.01
758,FTB1519,Lampropeltis triangulum,-90.49,38.97
758,FTB1524,Lampropeltis triangulum,-87.62,41.07
758,FTB1522,Lampropeltis triangulum,-90.2,38.16
758,FTB1523,Lampropeltis triangulum,-89.31,41.28
758,FTB1521,Lampropeltis triangulum,-89.42,38.35
758,FTB1646,Lampropeltis triangulum,-84.9,39.07
758,FTB1585,Lampropeltis triangulum,-86.28,40.76
758,FTB1793,Lampropeltis triangulum,-84.95,39.47
758,FTB1582,Lampropeltis triangulum,-87.39,41.61
758,FTB1584,Lampropeltis triangulum,-87.39,41.61
758,FTB1583,Lampropeltis triangulum,-86.62,41.72
758,FTB1579,Lampropeltis triangulum,-94.05,41.37
758,JTC2522,Lampropeltis triangulum,-88.87,36.73
758,MHP9886,Lampropeltis triangulum,-88.72,36.58
758,MHP9887,Lampropeltis triangulum,-83.61,37.94
758,FTB1587,Lampropeltis triangulum,-83.71,37.48
758,FTB1705,Lampropeltis triangulum,-90.89,30.35
758,FTB1678,Lampropeltis triangulum,-92.04,31.52
758,FTB1680,Lampropeltis triangulum,-92.05,31.39
758,FTB1634,Lampropeltis triangulum,-76.59,39.44
758,FTB1637,Lampropeltis triangulum,-76.59,39.44
758,FTB1640,Lampropeltis triangulum,-76.68,39.67
758,FTB1829,Lampropeltis triangulum,-72.65,42.19
758,FTB1580,Lampropeltis triangulum,-91.94,44.07
758,FTB1581,Lampropeltis triangulum,-91.94,44.07
758,FTB2229,Lampropeltis triangulum,-90.75,37.55
758,FTB1839,Lampropeltis triangulum,-94.29,39.05
758,FTB1983,Lampropeltis triangulum,-90.92,36.73
758,FTB2231,Lampropeltis triangulum,-91.48,37.2
758,FTB2232,Lampropeltis triangulum,-91.48,37.2
758,FTB1804,Lampropeltis triangulum,-74.54,39.92
758,SR456,Lampropeltis triangulum,-74.5,39.83
758,FTB1638,Lampropeltis triangulum,-74.95,40.56
758,FTB952,Lampropeltis triangulum,-74.42,39.88
758,FTB1000,Lampropeltis triangulum,-74.03,42.46
758,FTB551,Lampropeltis triangulum,-74.79,42.2
758,FTB949,Lampropeltis triangulum,-74.14,41.79
758,FTB2410,Lampropeltis triangulum,-74.18,40.53
758,FTB444,Lampropeltis triangulum,-73.38,40.75
758,FTB1840,Lampropeltis triangulum,-75.06,41.84
758,FTB1697,Lampropeltis triangulum,-76.46,42.59
758,FTB1636,Lampropeltis triangulum,-83.92,35.36
758,DBS2504,Lampropeltis triangulum,-82.58,35.9
758,FTB2297,Lampropeltis triangulum,-81.43,39.75
758,FTB2299,Lampropeltis triangulum,-81.5,40.53
758,FTB2298,Lampropeltis triangulum,-82.74,39.47
758,FTB1973,Lampropeltis triangulum,-75.6,41.41
758,FTB1815,Lampropeltis triangulum,-75.51,40.48
758,DBS2486,Lampropeltis triangulum,-82.4,35.18
758,FTB1647,Lampropeltis triangulum,-84.18,35.35
758,MHP9876,Lampropeltis triangulum,-89.33,36.37
758,FTB1639,Lampropeltis triangulum,-78.36,38.99
758,FTB563,Lampropeltis triangulum,-78.63,38.87
758,FTB728,Lampropeltis triangulum,-79.53,39.02
758,FTB647,Lampropeltis triangulum,-90.92,43.18
758,FTB1984,Lampropeltis triangulum,-90.07,42.94
758,FTB1687,Lampropeltis triangulum,-88.63,42.63
758,FTB1817,Lampropeltis gentilis,-109.75,31.88
758,FTB1967,Lampropeltis gentilis,-111.03,35.07
758,FTB1971,Lampropeltis gentilis,-112.97,35.3
758,DBS2052,Lampropeltis gentilis,-93.92,34.41
758,DBS531,Lampropeltis gentilis,-93.98,34.43
758,DBS622,Lampropeltis gentilis,-94.02,34.44
758,FTB1632,Lampropeltis gentilis,-92.39,34.75
758,FTB1527,Lampropeltis gentilis,-92.66,34.64
758,FTB2078,Lampropeltis gentilis,-108.62,38.96
758,MHP9699,Lampropeltis gentilis,-95.15,38.26
758,MHP7991,Lampropeltis gentilis,-95.11,39.26
758,MHP8310,Lampropeltis gentilis,-94.78,38.19
758,MHP8504,Lampropeltis gentilis,-101.34,38.77
758,MHP8275,Lampropeltis gentilis,-99.62,38.45
758,MHP8496,Lampropeltis gentilis,-99.75,38.29
758,MHP7910,Lampropeltis gentilis,-99.16,38.7
758,MHP8549,Lampropeltis gentilis,-98.88,38.97
758,SRSU6564,Lampropeltis gentilis,-98.76,38.92
758,MHP8838,Lampropeltis gentilis,-96.87,39.61
758,FTB1696,Lampropeltis gentilis,-90.89,30.35
758,FTB1704,Lampropeltis gentilis,-90.89,30.35
758,FTB3987,Lampropeltis gentilis,-91.48,32.19
758,FTB3988,Lampropeltis gentilis,-91.48,32.19
758,FTB1516,Lampropeltis gentilis,-93.65,30.15
758,FTB1683,Lampropeltis gentilis,-91.09,30.31
758,FTB1690,Lampropeltis gentilis,-91.5,30.48
758,FTB1700,Lampropeltis gentilis,-90.1,29.75
758,FTB1707,Lampropeltis gentilis,-90.14,29.75
758,FTB1605,Lampropeltis gentilis,-93.09,31.76
758,FTB3986,Lampropeltis gentilis,-91.69,30.47
758,FTB1706,Lampropeltis gentilis,-90.75,30.06
758,FTB1688,Lampropeltis gentilis,-90.09,30.83
758,LJV10753,Lampropeltis gentilis,-108.94,45.22
758,LJV10782,Lampropeltis gentilis,-108.51,46.02
758,SRSU6575,Lampropeltis gentilis,-101.56,42.5
758,FTB1518,Lampropeltis gentilis,-102.42,41.75
758,FTB1653,Lampropeltis gentilis,-114.3,40.33
758,FTB1806,Lampropeltis gentilis,-106.03,34.6
758,FTB1807,Lampropeltis gentilis,-106.05,35
758,DBS1304,Lampropeltis gentilis,-96.02,34.51
758,DBS1349,Lampropeltis gentilis,-95.94,34.54
758,DBS1387,Lampropeltis gentilis,-95.83,34.41
758,LJV10693,Lampropeltis gentilis,-95.92,34.33
758,LJV10694,Lampropeltis gentilis,-95.92,34.33
758,DBS1805,Lampropeltis gentilis,-95.94,34.54
758,TJC29,Lampropeltis gentilis,-94.83,35.7
758,DBS1535,Lampropeltis gentilis,-94.53,34.69
758,DBS532,Lampropeltis gentilis,-94.49,34.62
758,FTB1689,Lampropeltis gentilis,-94.91,33.89
758,DBS76,Lampropeltis gentilis,-95.14,35.75
758,LJV9335,Lampropeltis gentilis,-95.22,35.71
758,DBS1452,Lampropeltis gentilis,-95.39,34.63
758,YP13949,Lampropeltis gentilis,-95.35,34.59
758,FTB1685,Lampropeltis gentilis,-95.67,36.47
758,FTB1643,Lampropeltis gentilis,-94.58,35.63
758,MHP8727,Lampropeltis gentilis,-103.38,43.64
758,FTB1805,Lampropeltis gentilis,-96.2,30.49
758,FTB1798,Lampropeltis gentilis,-96.63,30.52
758,FTB1532,Lampropeltis gentilis,-99.41,31.92
758,FTB1534,Lampropeltis gentilis,-99.42,32.08
758,FTB1797,Lampropeltis gentilis,-95.97,30.61
758,SRSU6519,Lampropeltis gentilis,-103.88,30.57
758,CLC698,Lampropeltis gentilis,-98.58,28.43
758,FTB1796,Lampropeltis gentilis,-95.16,30.61
758,FTB1794,Lampropeltis elapsoides,-87.36,32.93
758,FTB1795,Lampropeltis elapsoides,-87.43,32.98
758,FTB1756,Lampropeltis elapsoides,-85.55,33.7
758,AUHT-4692,Lampropeltis elapsoides,-86.69,31.12
758,AUHT-4402,Lampropeltis elapsoides,-88.27,32.36
758,FTB1595,Lampropeltis elapsoides,-82.38,29.55
758,FTB1593,Lampropeltis elapsoides,-85.02,30.44
758,FTB1309,Lampropeltis elapsoides,-82.3,28.9
758,FTB1310,Lampropeltis elapsoides,-84.77,30.53
758,FTB1610,Lampropeltis elapsoides,-82.63,29.66
758,FTB797,Lampropeltis elapsoides,-85.29,29.71
758,FTB1615,Lampropeltis elapsoides,-80.98,26.62
758,FTB1578,Lampropeltis elapsoides,-81.36,27.29
758,FTB1599,Lampropeltis elapsoides,-83.17,29.94
758,FTB1591,Lampropeltis elapsoides,-84.23,30.48
758,FTB1609,Lampropeltis elapsoides,-82.71,29.16
758,FTB1592,Lampropeltis elapsoides,-84.86,30.26
758,FTB1588,Lampropeltis elapsoides,-82.48,27.62
758,FTB1590,Lampropeltis elapsoides,-82.47,27.6
758,FTB1594,Lampropeltis elapsoides,-82.48,27.62
758,FTB1606,Lampropeltis elapsoides,-82.48,27.62
758,FTB1607,Lampropeltis elapsoides,-82.48,27.62
758,FTB1608,Lampropeltis elapsoides,-82.48,27.62
758,FTB1598,Lampropeltis elapsoides,-80.16,25.67
758,FTB1612,Lampropeltis elapsoides,-80.16,25.67
758,AUHT-4223,Lampropeltis elapsoides,-83.92,30.18
758,FTB1604,Lampropeltis elapsoides,-81.86,28.32
758,FTB1681,Lampropeltis elapsoides,-86.89,30.67
758,FTB1692,Lampropeltis elapsoides,-86.92,30.82
758,FTB1695,Lampropeltis elapsoides,-86.85,30.76
758,FTB1701,Lampropeltis elapsoides,-86.83,30.86
758,FTB1601,Lampropeltis elapsoides,-84.35,30.11
758,FTB1645,Lampropeltis elapsoides,-81.35,32.57
758,FTB1311,Lampropeltis elapsoides,-83.13,30.7
758,MHP9851,Lampropeltis elapsoides,-88.14,36.91
758,FTB1679,Lampropeltis elapsoides,-89.94,30.52
758,FTB1699,Lampropeltis elapsoides,-89.81,30.32
758,FTB1703,Lampropeltis elapsoides,-90.09,30.41
758,FTB1676,Lampropeltis elapsoides,-90.4,30.72
758,FTB1702,Lampropeltis elapsoides,-91.55,30.97
758,FTB1611,Lampropeltis elapsoides,-88.99,30.92
758,FTB1693,Lampropeltis elapsoides,-88.91,30.85
758,FTB1691,Lampropeltis elapsoides,-91.3,31.15
758,FTB1641,Lampropeltis elapsoides,-78.28,34.07
758,FTB2109,Lampropeltis elapsoides,-76.96,34.77
758,FTB1642,Lampropeltis elapsoides,-77.5,35.22
758,FTB1978,Lampropeltis elapsoides,-79.47,35.37
758,FTB1754,Lampropeltis elapsoides,-79.77,34.99
758,FTB1976,Lampropeltis elapsoides,-79.47,34.85
758,MHP9868,Lampropeltis elapsoides,-81.74,33.34
758,FTB1974,Lampropeltis elapsoides,-80.24,34.58
758,FTB1755,Lampropeltis elapsoides,-80.27,32.95
758,FTB1977,Lampropeltis elapsoides,-80.54,33.17
758,FTB1644,Lampropeltis elapsoides,-81.2,32.49
758,UANL6337,Lampropeltis annulata,-100.48,25.96
758,RH011,Lampropeltis annulata,-99.47,21.21
758,RH013,Lampropeltis annulata,-99.47,21.21
758,UANL6780,Lampropeltis annulata,-99.5,21.23
758,FTB1819,Lampropeltis annulata,-98.07,22.92
758,UANLUnc43,Lampropeltis annulata,-100.04,24.73